{
   "style" : "default",
   "config" : "save_红警ol辅助增强版.dat",
   "width" : 600,
   "height" : 960,
   "cancelscroll" : true,
   "countdown" : 999,
   "cancelname" : "取消",
   "okname" : "确定",
   "views" : [
      {
         "text" : "日常任务",
         "type" : "Page",
         "width" : 600,
         "height" : 300,
         "bg" : "255,0,225",
         "views" : [
            {
               "id" : "group1",
               "width" : 600,
               "height" : 150,
               "type" : "LinearLayout",
               "bg" : "0,0,225",
               "views" : [
                  {
                     "width" : 510,
                     "height" : 150,
                     "align" : "center",
                     "src" : "c.png",
                     "type" : "Image"
                  }
               ]
            },
            {
               "align" : "center",
               "color" : "0,0,225",
               "size" : 25,
               "text" : "循环任务",
               "type" : "Label",
               "width" : 600
            },
            {
               "id" : "line",
               "type" : "Line",
               "color" : "204,204,204",
               "height" : 2,
               "width" : 600
            },
            {
               "id" : "f",
               "list" : "联盟帮助,联盟宝藏,联盟捐赠,联盟礼物,科技研究,资源收取,建筑升级,部队训练,空投补给,每日任务,邮件读取",
               "select" : "@0@1@2@3@5@6@7@8@9@10",
               "align" : "center",
               "justify-content" : "center",
               "width" : 600,
               "height" : 350,
               "size" : 23,
               "type" : "CheckBoxGroup",
               "orientation" : "horizontal",
               "color" : "0,0,0"
            },
			 {
               "id" : "line",
               "type" : "Line",
               "color" : "204,204,204",
               "height" : 2,
               "width" : 600
            },
			{
	            "id" : "group1",
	            "width" : 600,
	            "height" : 100,
	            "type" : "LinearLayout",
				"valign":"center",
	            "views" : [
				 {
               "color" : "0,0,225",
               "size" : 23,
               "text" : "科技研究设置",
               "type" : "Label",
               "width" : 150
            },
	            	 {
                     "id" : "combox5_grade",
                     "list" : "军事,资源,发展,城防",
                     "select" : "0",
                     "width" : 180,
                     "size" : 15,
                     "type" : "ComboBox"
                  }
	            ]
            }
			,
			 {
               "id" : "line",
               "type" : "Line",
               "color" : "204,204,204",
               "height" : 2,
               "width" : 600
            },
            {
               "color" : "0,0,225",
               "size" : 25,
               "text" : "日常增益",
               "type" : "Label",
               "width" : 600
            },
            {
               "id" : "line",
               "type" : "Line",
               "color" : "204,204,204",
               "height" : 2,
               "width" : 600
            },
            {
               "id" : "s",
               "list" : "采集加速,资源补给,高效采集,贵族礼包",
               "select" : "@0@1@2@3@4",
               "align" : "center",
               "justify-content" : "center",
               "width" : 600,
               "size" : 23,
               "type" : "CheckBoxGroup",
               "orientation" : "horizontal",
               "color" : "0,0,0"
            },
			 {
               "color" : "0,0,225",
               "size" : 25,
               "text" : "部队训练设置",
               "type" : "Label",
               "width" : 600
            },
            {
               "id" : "line",
               "type" : "Line",
               "color" : "204,204,204",
               "height" : 2,
               "width" : 600
            },
			{
               "id" : "group1",
               "width" : 600,
               "height" : 100,
               "type" : "LinearLayout",
               "valign" : "center",
               "views" : [
                  {
                     "id" : "check_btn5",
                     "list" : "坦克",
                     "select" : "0",
                     "size" : 20,
                     "type" : "CheckBoxGroup",
                     "orientation" : "horizontal",
                     "color" : "0,0,225",
                     "width" : 130
                  },
                  {
                     "id" : "combox5_task",
                     "list" : "等级/最大,9,8,7,6,5,4,3,2,1",
                     "select" : "0",
                     "width" : 180,
                     "size" : 15,
                     "type" : "ComboBox"
                  },
                  {
                     "id" : "combox5_grade",
                     "list" : "次数/999,10,9,8,7,6,5,4,3,2,1",
                     "select" : "0",
                     "width" : 180,
                     "size" : 15,
                     "type" : "ComboBox"
                  }
               ]
            },
			{
               "id" : "group1",
               "width" : 600,
               "height" : 100,
               "type" : "LinearLayout",
               "valign" : "center",
               "views" : [
                  {
                     "id" : "check_btn5",
                     "list" : "步兵",
                     "select" : "0",
                     "size" : 20,
                     "type" : "CheckBoxGroup",
                     "orientation" : "horizontal",
                     "color" : "0,0,225",
                     "width" : 130
                  },
                  {
                     "id" : "combox5_task",
                     "list" : "等级/最大,9,8,7,6,5,4,3,2,1",
                     "select" : "0",
                     "width" : 180,
                     "size" : 15,
                     "type" : "ComboBox"
                  },
                  {
                     "id" : "combox5_grade",
                     "list" : "次数/999,10,9,8,7,6,5,4,3,2,1",
                     "select" : "0",
                     "width" : 180,
                     "size" : 15,
                     "type" : "ComboBox"
                  }
               ]
            },
			{
               "id" : "group1",
               "width" : 600,
               "height" : 100,
               "type" : "LinearLayout",
               "valign" : "center",
               "views" : [
                  {
                     "id" : "check_btn5",
                     "list" : "战车",
                     "select" : "0",
                     "size" : 20,
                     "type" : "CheckBoxGroup",
                     "orientation" : "horizontal",
                     "color" : "0,0,225",
                     "width" : 130
                  },
                  {
                     "id" : "combox5_task",
                     "list" : "等级/最大,9,8,7,6,5,4,3,2,1",
                     "select" : "0",
                     "width" : 180,
                     "size" : 15,
                     "type" : "ComboBox"
                  },
                  {
                     "id" : "combox5_grade",
                     "list" : "次数/999,10,9,8,7,6,5,4,3,2,1",
                     "select" : "0",
                     "width" : 180,
                     "size" : 15,
                     "type" : "ComboBox"
                  }
               ]
            },
			{
               "id" : "group1",
               "width" : 600,
               "height" : 120,
               "type" : "LinearLayout",
               "valign" : "center",
               "views" : [
                  {
                     "id" : "check_btn5",
                     "list" : "飞机",
                     "select" : "0",
                     "size" : 20,
                     "type" : "CheckBoxGroup",
                     "orientation" : "horizontal",
                     "color" : "0,0,225",
                     "width" : 130
                  },
                  {
                     "id" : "combox5_task",
                     "list" : "等级/最大,9,8,7,6,5,4,3,2,1",
                     "select" : "0",
                     "width" : 180,
                     "size" : 15,
                     "type" : "ComboBox"
                  },
                  {
                     "id" : "combox5_grade",
                     "list" : "次数/999,10,9,8,7,6,5,4,3,2,1",
                     "select" : "0",
                     "width" : 180,
                     "size" : 15,
                     "type" : "ComboBox"
                  }
               ]
            }
			
         ]
      },
	  
      {
         "text" : "采集打野",
         "type" : "Page",
         "views" : [
            {
               "align" : "center",
               "color" : "0,0,225",
               "size" : 30,
               "text" : "队列设置",
               "type" : "Label",
               "width" : 600
            },
            {
               "id" : "line",
               "type" : "Line",
               "color" : "204,204,204",
               "height" : 2,
               "width" : 600
            },
            {
               "id" : "group1",
               "width" : 600,
               "height" : 50,
               "type" : "LinearLayout",
               "views" : [
                  {
                     "align" : "right",
                     "color" : "49,142,84",
                     "size" : 25,
                     "text" : "选择任务",
                     "type" : "Label",
                     "width" : 270
                  },
                  {
                     "align" : "right",
                     "color" : "49,142,84",
                     "size" : 25,
                     "text" : "选择等级",
                     "type" : "Label",
                     "width" : 180
                  }
               ]
            },
            {
               "id" : "group1",
               "width" : 600,
               "height" : 100,
               "align" : "top",
               "type" : "LinearLayout",
               "valign" : "center",
               "views" : [
                  {
                     "id" : "check_btn1",
                     "list" : "队列一",
                     "select" : "0",
                     "size" : 20,
                     "type" : "CheckBoxGroup",
                     "orientation" : "horizontal",
                     "color" : "0,0,225",
                     "width" : 130
                  },
                  {
                     "id" : "combox1_task",
                     "list" : "矿石,石油,合金,稀土,联盟矿,野怪/叛军",
                     "select" : "0",
                     "width" : 180,
                     "size" : 15,
                     "type" : "ComboBox"
                  },
                  {
                     "id" : "combox1_grade",
                     "list" : "最高,7,6,5,4,3,2,1,29,28,27,26,25,24,23,22,21,20,19,18,17,16,15,14,13,12,11,10,9,8",
                     "select" : "0",
                     "width" : 180,
                     "size" : 15,
                     "type" : "ComboBox"
                  }
               ]
            },
            {
               "id" : "line",
               "type" : "Line",
               "color" : "205,205,205",
               "height" : 1,
               "width" : 600
            },
            {
               "id" : "group1",
               "width" : 600,
               "height" : 100,
               "align" : "top",
               "type" : "LinearLayout",
               "valign" : "center",
               "views" : [
                  {
                     "id" : "check_btn2",
                     "list" : "队列二",
                     "select" : "0",
                     "size" : 20,
                     "type" : "CheckBoxGroup",
                     "orientation" : "horizontal",
                     "color" : "0,0,225",
                     "width" : 130
                  },
                  {
                     "id" : "combox2_task",
                     "list" : "矿石,石油,合金,稀土,联盟矿,野怪/叛军",
                     "select" : "0",
                     "width" : 180,
                     "size" : 15,
                     "type" : "ComboBox"
                  },
                  {
                     "id" : "combox2_grade",
                     "list" : "最高,7,6,5,4,3,2,1,29,28,27,26,25,24,23,22,21,20,19,18,17,16,15,14,13,12,11,10,9,8",
                     "select" : "0",
                     "width" : 180,
                     "size" : 15,
                     "type" : "ComboBox"
                  }
               ]
            },
            {
               "id" : "line",
               "type" : "Line",
               "color" : "205,205,205",
               "height" : 1,
               "width" : 600
            },
            {
               "id" : "group1",
               "width" : 600,
               "height" : 100,
               "align" : "top",
               "type" : "LinearLayout",
               "valign" : "center",
               "views" : [
                  {
                     "id" : "check_btn3",
                     "list" : "队列三",
                     "select" : "0",
                     "size" : 20,
                     "type" : "CheckBoxGroup",
                     "orientation" : "horizontal",
                     "color" : "0,0,225",
                     "width" : 130
                  },
                  {
                     "id" : "combox3_task",
                     "list" : "矿石,石油,合金,稀土,联盟矿,野怪/叛军",
                     "select" : "0",
                     "width" : 180,
                     "size" : 15,
                     "type" : "ComboBox"
                  },
                  {
                     "id" : "combox3_grade",
                     "list" : "最高,7,6,5,4,3,2,1,29,28,27,26,25,24,23,22,21,20,19,18,17,16,15,14,13,12,11,10,9,8",
                     "select" : "0",
                     "width" : 180,
                     "size" : 15,
                     "type" : "ComboBox"
                  }
               ]
            },
            {
               "id" : "line",
               "type" : "Line",
               "color" : "205,205,205",
               "height" : 1,
               "width" : 600
            },
            {
               "id" : "group1",
               "width" : 600,
               "height" : 100,
               "align" : "top",
               "type" : "LinearLayout",
               "valign" : "center",
               "views" : [
                  {
                     "id" : "check_btn4",
                     "list" : "队列四",
                     "select" : "0",
                     "size" : 20,
                     "type" : "CheckBoxGroup",
                     "orientation" : "horizontal",
                     "color" : "0,0,225",
                     "width" : 130
                  },
                  {
                     "id" : "combox4_task",
                     "list" : "矿石,石油,合金,稀土,联盟矿,野怪/叛军",
                     "select" : "0",
                     "width" : 180,
                     "size" : 15,
                     "type" : "ComboBox"
                  },
                  {
                     "id" : "combox4_grade",
                     "list" : "最高,7,6,5,4,3,2,1,29,28,27,26,25,24,23,22,21,20,19,18,17,16,15,14,13,12,11,10,9,8",
                     "select" : "0",
                     "width" : 180,
                     "size" : 15,
                     "type" : "ComboBox"
                  }
               ]
            },
            {
               "id" : "line",
               "type" : "Line",
               "color" : "205,205,205",
               "height" : 1,
               "width" : 600
            },
            {
               "id" : "group1",
               "width" : 600,
               "height" : 100,
               "align" : "top",
               "type" : "LinearLayout",
               "valign" : "center",
               "views" : [
                  {
                     "id" : "check_btn5",
                     "list" : "队列五",
                     "select" : "0",
                     "size" : 20,
                     "type" : "CheckBoxGroup",
                     "orientation" : "horizontal",
                     "color" : "0,0,225",
                     "width" : 130
                  },
                  {
                     "id" : "combox5_task",
                     "list" : "矿石,石油,合金,稀土,联盟矿,野怪/叛军",
                     "select" : "0",
                     "width" : 180,
                     "size" : 15,
                     "type" : "ComboBox"
                  },
                  {
                     "id" : "combox5_grade",
                     "list" : "最高,7,6,5,4,3,2,1,29,28,27,26,25,24,23,22,21,20,19,18,17,16,15,14,13,12,11,10,9,8",
                     "select" : "0",
                     "width" : 180,
                     "size" : 15,
                     "type" : "ComboBox"
                  }
               ]
            },
            {
               "id" : "line",
               "type" : "Line",
               "color" : "205,205,205",
               "height" : 1,
               "width" : 600
            },
            {
               "align" : "left",
               "color" : "0,0,225",
               "size" : 30,
               "text" : "打野设置",
               "type" : "Label"
            },
            {
               "id" : "line",
               "type" : "Line",
               "color" : "204,204,204",
               "height" : 2,
               "width" : 600
            },
            {
               "id" : "group1",
               "width" : 600,
               "height" : 100,
               "type" : "LinearLayout",
               "views" : [
                  {
                     "id" : "checkmonster",
                     "list" : "叛军优先",
                     "width" : 200,
                     "size" : 25,
                     "type" : "CheckBoxGroup",
                     "orientation" : "horizontal",
                     "color" : "255,0,0"
                  },
                  {
                     "id" : "check_usetl",
                     "list" : "使用体力道具",
                     "width" : 250,
                     "size" : 25,
                     "type" : "CheckBoxGroup",
                     "orientation" : "horizontal",
                     "color" : "255,0,0"
                  }
               ]
            }
			
         ]
      },
	  {
	      "text" : "撤军开罩",
	      "type" : "Page",
	      "views" : [
		  {
               "id" : "s",
               "list" : "资源点被攻击撤退                      ,基地被攻击开罩,基地被侦查开罩,基地着火开罩    ,防恶意破脚本,自动续罩",
               "select" : "@0@1",
               "align" : "center",
               "justify-content" : "center",
               "width" : 600,
               "size" : 23,
               "type" : "CheckBoxGroup",
               "orientation" : "horizontal",
               "color" : "0,0,0"
            },
			{
               "id" : "group1",
               "width" : 600,
               "height" : 100,
               "align" : "top",
               "type" : "LinearLayout",
               "valign" : "center",
               "views" : [
                  {
                     "id" : "check_moneytt",
                     "list" : "金币开罩",
                     "size" : 20,
                     "type" : "CheckBoxGroup",
                     "orientation" : "horizontal",
                     "color" : "0,0,225",
                     "width" : 180
                  },
                 
                  {
                     "id" : "combox3_grade",
                     "list" : "购买8小时罩,购买24小时罩",
                     "select" : "0",
                     "width" : 300,
                     "size" : 15,
                     "type" : "ComboBox"
                  }
               ]
            },
			{
	            "id" : "group1",
	            "width" : 600,
	            "height" : 50,
	            "type" : "LinearLayout",
	            "views" : [
	            	{
	            "align" : "center",
	            "color" : "255,0,0",
	            "size" : 24,
	            "text" : "功能说明",
	            "width":540,
	            "type" : "Label"
            }
	            ]
            },
			{
	            "align" : "left",
	            "color" : "255,0,0",
	            "size" : 20,
	            "text" : "基地着火开罩：距离过近被攻击或者受到多条侦查信息时脚本反应不过来,脚本检测到基地着火自动开罩（注意幽灵来袭活动）。",
	            
	            "type" : "Label"
            }
			,
			{
	            "align" : "left",
	            "color" : "255,0,0",
	            "size" : 20,
	            "text" : "防恶意破脚本：同时收到四条及以上侦查或攻击信息时自动开罩。",   
	            "type" : "Label"
            }
			,
			{
	            "align" : "left",
	            "color" : "255,0,0",
	            "size" : 20,
	            "text" : "自动续罩：无间断开罩。",   
	            "type" : "Label"
            }
		  
	      ]
      }
   ]
}
